effect,variant,model,persona,r_sim,ci_lo,ci_hi,n_ok,n_total
Asch1946_warm_cold,A,sonnet5,none,1.0,1.0,1.0,60,60
Asch1946_warm_cold,A,sonnet5,demographic,1.0,1.0,1.0,60,60
Asch1946_warm_cold,A,sonnet45,none,1.0,1.0,1.0,60,60
Asch1946_warm_cold,A,sonnet45,demographic,1.0,1.0,1.0,60,60
Asch1946_warm_cold,B,sonnet5,none,1.0,1.0,1.0,60,60
Asch1946_warm_cold,B,sonnet5,demographic,1.0,1.0,1.0,60,60
Asch1946_warm_cold,B,sonnet45,none,1.0,1.0,1.0,60,60
Asch1946_warm_cold,B,sonnet45,demographic,1.0,1.0,1.0,59,60
Asch1946_warm_cold,frame_flip,sonnet5,none,1.0,1.0,1.0,60,60
Asch1946_warm_cold,frame_flip,sonnet5,demographic,1.0,1.0,1.0,60,60
Asch1946_warm_cold,frame_flip,sonnet45,none,1.0,1.0,1.0,51,60
Asch1946_warm_cold,frame_flip,sonnet45,demographic,1.0,1.0,1.0,57,60
Asch1946_warm_cold,deidentified,sonnet5,none,1.0,1.0,1.0,59,60
Asch1946_warm_cold,deidentified,sonnet5,demographic,1.0,1.0,1.0,60,60
Asch1946_warm_cold,deidentified,sonnet45,none,1.0,1.0,1.0,49,60
Asch1946_warm_cold,deidentified,sonnet45,demographic,0.7561004168034701,0.6204222893813428,0.8721519863080605,59,60
Banerjee2012_brightness,A,sonnet5,none,0.5614476877975754,0.4666607067978686,0.6535813462031687,60,60
Banerjee2012_brightness,A,sonnet5,demographic,0.8502446585861708,0.7701660091793736,0.9280560992402067,60,60
Banerjee2012_brightness,A,sonnet45,none,,,,28,60
Banerjee2012_brightness,A,sonnet45,demographic,0.1677322793563924,0.0,0.29744775792987577,47,60
Banerjee2012_brightness,B,sonnet5,none,0.755421667840744,0.6223135508231352,0.8717175918787257,60,60
Banerjee2012_brightness,B,sonnet5,demographic,0.35877483451872527,0.1531963200925017,0.5482900477877652,60,60
Banerjee2012_brightness,B,sonnet45,none,,,,4,60
Banerjee2012_brightness,B,sonnet45,demographic,0.31392562439161126,0.054231071892921257,0.5593273751683198,49,60
Banerjee2012_brightness,frame_flip,sonnet5,none,0.4745728914025433,0.3470065190707571,0.5886869728031144,60,60
Banerjee2012_brightness,frame_flip,sonnet5,demographic,0.06801424226631408,-0.18933231195717873,0.3278881535207969,60,60
Banerjee2012_brightness,frame_flip,sonnet45,none,0.1524985703326041,0.0,0.27116307227332015,42,60
Banerjee2012_brightness,frame_flip,sonnet45,demographic,0.25125031551708654,0.0,0.39986180005016786,56,60
Banerjee2012_brightness,deidentified,sonnet5,none,0.9962339810981151,0.0,0.9962339810981151,60,60
Banerjee2012_brightness,deidentified,sonnet5,demographic,0.985972748199102,0.9799310693422532,0.9963968174936738,60,60
Banerjee2012_brightness,deidentified,sonnet45,none,,,,1,60
Banerjee2012_brightness,deidentified,sonnet45,demographic,0.8346735283651006,0.0,0.9437325360209678,41,60
Bargh2012_warmth,A,sonnet5,none,0.0791281889500557,-0.28676966733820214,0.29015570575453015,51,51
Bargh2012_warmth,A,sonnet5,demographic,-0.06673924809112244,-0.26642180872194604,0.278048665011543,51,51
Bargh2012_warmth,A,sonnet45,none,,,,51,51
Bargh2012_warmth,A,sonnet45,demographic,0.03204238997057954,-0.2778858995307986,0.28616507832055266,50,51
Bargh2012_warmth,B,sonnet5,none,0.5074162634049244,-0.15363418187717842,0.35337918344271585,51,51
Bargh2012_warmth,B,sonnet5,demographic,-0.22649487835912602,-0.15557186978442747,0.3474187602221489,51,51
Bargh2012_warmth,B,sonnet45,none,0.007495316889958534,-0.3796563172484449,0.3678741005815008,51,51
Bargh2012_warmth,B,sonnet45,demographic,0.3289401043323954,-0.28444235147528113,0.2629108927750637,51,51
Bargh2012_warmth,frame_flip,sonnet5,none,-0.054490702289638426,-0.2508752274258207,0.280018887630395,51,51
Bargh2012_warmth,frame_flip,sonnet5,demographic,-0.27211111984622716,-0.2750054964352184,0.2678839564529314,51,51
Bargh2012_warmth,frame_flip,sonnet45,none,,,,27,51
Bargh2012_warmth,frame_flip,sonnet45,demographic,0.3536427468870815,-0.27235501596272277,0.275922059844811,51,51
Bargh2012_warmth,deidentified,sonnet5,none,-0.08362075735110874,-0.2766309540110534,0.293597995380529,51,51
Bargh2012_warmth,deidentified,sonnet5,demographic,0.00818357357578014,-0.26277481328811303,0.28969540361568163,51,51
Bargh2012_warmth,deidentified,sonnet45,none,,,,30,51
Bargh2012_warmth,deidentified,sonnet45,demographic,0.2866017446939039,-0.2705022136323196,0.2696020410094613,51,51
Cooney2016_fairness,A,sonnet5,none,0.875020922819905,0.8634547757074619,0.9140623169403297,60,60
Cooney2016_fairness,A,sonnet5,demographic,0.8653405880876528,0.8624803279898534,0.8924915688155926,60,60
Cooney2016_fairness,A,sonnet45,none,0.0,0.0,0.0,60,60
Cooney2016_fairness,A,sonnet45,demographic,0.18267920406970223,0.0,0.29689374640860117,60,60
Cooney2016_fairness,B,sonnet5,none,0.8936507376248432,0.89135882109575,0.9309316498675493,60,60
Cooney2016_fairness,B,sonnet5,demographic,0.8759400353990533,0.8350572674408507,0.9194069990393902,60,60
Cooney2016_fairness,B,sonnet45,none,0.0,0.0,0.0,60,60
Cooney2016_fairness,B,sonnet45,demographic,0.0,0.0,0.0,60,60
Cooney2016_fairness,frame_flip,sonnet5,none,-0.22575785276343807,-0.3581026719939378,0.0,60,60
Cooney2016_fairness,frame_flip,sonnet5,demographic,0.12803687993289553,0.0,0.2257578527634381,60,60
Cooney2016_fairness,frame_flip,sonnet45,none,0.0,0.0,0.0,60,60
Cooney2016_fairness,frame_flip,sonnet45,demographic,0.5826437304097982,0.38173590649612044,0.752674324251294,59,60
Cooney2016_fairness,deidentified,sonnet5,none,0.0,0.0,0.0,60,60
Cooney2016_fairness,deidentified,sonnet5,demographic,0.893233657678344,0.89135882109575,0.9103474528432268,60,60
Cooney2016_fairness,deidentified,sonnet45,none,0.6745338176702799,0.5451771778033793,0.8118441408859887,60,60
Cooney2016_fairness,deidentified,sonnet45,demographic,0.6223135508231353,0.49365724849494164,0.7554216678407443,60,60
Klink2000_soundsymbolism,A,sonnet5,none,0.9887417300876429,0.9845388616943139,0.9926041819773931,60,60
Klink2000_soundsymbolism,A,sonnet5,demographic,0.9869978777537586,0.9790761336765497,0.9930576629846721,60,60
Klink2000_soundsymbolism,A,sonnet45,none,0.9931338277858426,0.9915371485735361,0.9943767126843688,60,60
Klink2000_soundsymbolism,A,sonnet45,demographic,0.9996701892967781,0.9990321181604171,1.0,60,60
Klink2000_soundsymbolism,B,sonnet5,none,0.9959927363226606,0.9958595418255906,0.9966158955401239,60,60
Klink2000_soundsymbolism,B,sonnet5,demographic,1.0,1.0,1.0,60,60
Klink2000_soundsymbolism,B,sonnet45,none,0.9943960626489652,0.9892195690438662,0.9985112911830357,51,60
Klink2000_soundsymbolism,B,sonnet45,demographic,0.9858110380432578,0.968962790249909,0.9980426501023762,60,60
Klink2000_soundsymbolism,frame_flip,sonnet5,none,0.9979629956401103,0.9953568797377756,1.0,60,60
Klink2000_soundsymbolism,frame_flip,sonnet5,demographic,0.9815398247414336,0.974107715390938,0.9892423203260793,60,60
Klink2000_soundsymbolism,frame_flip,sonnet45,none,,,,0,60
Klink2000_soundsymbolism,frame_flip,sonnet45,demographic,0.9997026120508526,0.9991356869170336,1.0,46,60
Klink2000_soundsymbolism,deidentified,sonnet5,none,-0.9298920164319697,-0.9814678214041649,-0.8358550603528407,60,60
Klink2000_soundsymbolism,deidentified,sonnet5,demographic,-0.9622666792429522,-0.9789703450605317,-0.9437149391225726,60,60
Klink2000_soundsymbolism,deidentified,sonnet45,none,0.9927945535915402,0.9875414397573882,0.9979911795992102,60,60
Klink2000_soundsymbolism,deidentified,sonnet45,demographic,0.9811514805819238,0.9598355438741948,0.9958603776322722,60,60
Slepian2012_secrets,A,sonnet5,none,0.4561193977010332,0.1671017182821081,0.7688392843489685,40,40
Slepian2012_secrets,A,sonnet5,demographic,0.5086275298040086,0.253968607779977,0.7445687558910192,40,40
Slepian2012_secrets,A,sonnet45,none,0.4989838993790249,0.1708648926525632,0.8538850267021815,40,40
Slepian2012_secrets,A,sonnet45,demographic,0.6618179515205442,0.45260551479358196,0.8538850267021815,40,40
Slepian2012_secrets,B,sonnet5,none,0.12988588769361276,-0.2239015991934225,0.3420180955802897,40,40
Slepian2012_secrets,B,sonnet5,demographic,0.12832724067510853,-0.27810172577293246,0.3257994036161639,40,40
Slepian2012_secrets,B,sonnet45,none,,,,0,40
Slepian2012_secrets,B,sonnet45,demographic,,,,1,40
Slepian2012_secrets,frame_flip,sonnet5,none,0.19711047900874662,-0.10934400355436541,0.46491997877647134,40,40
Slepian2012_secrets,frame_flip,sonnet5,demographic,0.07083855601820675,-0.2120407862180128,0.39478807861104204,40,40
Slepian2012_secrets,frame_flip,sonnet45,none,,,,17,40
Slepian2012_secrets,frame_flip,sonnet45,demographic,-0.1850460090417814,-0.6146527291914976,0.12503802369793404,37,40
Slepian2012_secrets,deidentified,sonnet5,none,0.8608972036039905,0.7880159463270259,0.9307534609237713,40,40
Slepian2012_secrets,deidentified,sonnet5,demographic,0.4853638816850995,0.22704576322725997,0.7240105588266393,40,40
Slepian2012_secrets,deidentified,sonnet45,none,0.5005423913948733,0.27312127992747726,0.6823133609600542,40,40
Slepian2012_secrets,deidentified,sonnet45,demographic,-0.21523577714000022,-0.3417553024078395,0.1825710455088721,40,40
Tamir2012_selfdisclosure,A,sonnet5,none,0.918090359527253,0.8514642901320932,0.9705526657859531,40,40
Tamir2012_selfdisclosure,A,sonnet5,demographic,0.6938886664887108,0.5443310539518172,0.816496580927726,27,40
Tamir2012_selfdisclosure,A,sonnet45,none,,,,0,40
Tamir2012_selfdisclosure,A,sonnet45,demographic,,,,0,40
Tamir2012_selfdisclosure,B,sonnet5,none,,,,0,40
Tamir2012_selfdisclosure,B,sonnet5,demographic,0.0,0.0,0.0,16,40
Tamir2012_selfdisclosure,B,sonnet45,none,0.9740215340114143,0.9336995618478526,1.0,39,40
Tamir2012_selfdisclosure,B,sonnet45,demographic,0.9271050693011065,0.8719726050724371,0.9759000729485332,40,40
Tamir2012_selfdisclosure,frame_flip,sonnet5,none,0.158113883008419,0.0,0.2738612787525831,40,40
Tamir2012_selfdisclosure,frame_flip,sonnet5,demographic,0.0,0.0,0.0,40,40
Tamir2012_selfdisclosure,frame_flip,sonnet45,none,0.0,0.0,0.0,40,40
Tamir2012_selfdisclosure,frame_flip,sonnet45,demographic,0.560473402386419,0.4290581651605165,0.674199862463242,40,40
Tamir2012_selfdisclosure,deidentified,sonnet5,none,0.0,0.0,0.0,40,40
Tamir2012_selfdisclosure,deidentified,sonnet5,demographic,0.0,0.0,0.0,40,40
Tamir2012_selfdisclosure,deidentified,sonnet45,none,0.0,0.0,0.0,39,40
Tamir2012_selfdisclosure,deidentified,sonnet45,demographic,0.158113883008419,0.0,0.2738612787525831,40,40
Valdesolo2007_hypocrisy,A,sonnet5,none,0.8741913556616666,0.829544686709647,0.9397934234874104,60,60
Valdesolo2007_hypocrisy,A,sonnet5,demographic,0.9380831519639081,0.8978951620979785,0.9858435728856701,60,60
Valdesolo2007_hypocrisy,A,sonnet45,none,0.9720782306622476,0.9397934234874104,1.0,60,60
Valdesolo2007_hypocrisy,A,sonnet45,demographic,1.0,1.0,1.0,60,60
Valdesolo2007_hypocrisy,B,sonnet5,none,0.7706746355869353,0.685994340568434,0.8601653289114288,60,60
Valdesolo2007_hypocrisy,B,sonnet5,demographic,0.7934920476146071,0.7229583765832219,0.8735972525282758,60,60
Valdesolo2007_hypocrisy,B,sonnet45,none,1.0,1.0,1.0,60,60
Valdesolo2007_hypocrisy,B,sonnet45,demographic,0.9682818167756511,0.9138115486188472,1.0,60,60
Valdesolo2007_hypocrisy,frame_flip,sonnet5,none,0.24942092316977013,0.13245323570601636,0.36892815899740034,60,60
Valdesolo2007_hypocrisy,frame_flip,sonnet5,demographic,0.37796447300675273,0.1924500897278354,0.5773502691865707,60,60
Valdesolo2007_hypocrisy,frame_flip,sonnet45,none,1.0,1.0,1.0,60,60
Valdesolo2007_hypocrisy,frame_flip,sonnet45,demographic,0.881917103685257,0.7071067811832402,1.0,60,60
Valdesolo2007_hypocrisy,deidentified,sonnet5,none,0.9798075546190573,0.9721943244838425,0.9883099064611949,60,60
Valdesolo2007_hypocrisy,deidentified,sonnet5,demographic,0.8099238707333386,0.7323928300971445,0.9143829106460328,60,60
Valdesolo2007_hypocrisy,deidentified,sonnet45,none,,,,35,60
Valdesolo2007_hypocrisy,deidentified,sonnet45,demographic,0.9829873531619575,0.9760921603573729,0.9949256649689319,60,60
VanBoven2007_anticipation,A,sonnet5,none,0.7867957924694431,0.6118129079815336,0.8201681618399564,40,40
VanBoven2007_anticipation,A,sonnet5,demographic,0.7458283347479076,0.4832524538289862,0.799271630843405,40,40
VanBoven2007_anticipation,A,sonnet45,none,0.0,0.7411832531592617,0.8810669629803797,40,40
VanBoven2007_anticipation,A,sonnet45,demographic,0.0,0.5976331354738981,0.8396363224712323,40,40
VanBoven2007_anticipation,B,sonnet5,none,0.0,0.0,0.0,40,40
VanBoven2007_anticipation,B,sonnet5,demographic,0.9488147219339523,0.0,0.98710455392748,40,40
VanBoven2007_anticipation,B,sonnet45,none,0.0,0.0,0.0,40,40
VanBoven2007_anticipation,B,sonnet45,demographic,0.9575175804338617,0.8139685388001661,0.9377310032900789,40,40
VanBoven2007_anticipation,frame_flip,sonnet5,none,0.14815480683669602,-0.10746846925086118,0.4518721961743084,40,40
VanBoven2007_anticipation,frame_flip,sonnet5,demographic,0.8469920043385325,0.5979429350492884,0.8534360789870604,40,40
VanBoven2007_anticipation,frame_flip,sonnet45,none,0.0,0.7411832531592617,0.8810669629803797,40,40
VanBoven2007_anticipation,frame_flip,sonnet45,demographic,0.0,0.6075238048846953,0.8405610600325596,40,40
VanBoven2007_anticipation,deidentified,sonnet5,none,0.0,0.8036331829052614,0.9246291726423181,40,40
VanBoven2007_anticipation,deidentified,sonnet5,demographic,0.8978156702800745,0.6280754749541155,0.8544234754264043,40,40
VanBoven2007_anticipation,deidentified,sonnet45,none,0.0,0.741998516004452,0.8921425711997713,40,40
VanBoven2007_anticipation,deidentified,sonnet45,demographic,0.7458283347479076,0.5125035844058106,0.8139737523146567,40,40
Wakslak2006_construal,A,sonnet5,none,-0.5450385558636116,-0.7146377365643656,-0.3671133570101987,40,40
Wakslak2006_construal,A,sonnet5,demographic,-0.0745464986577061,-0.44090167370826866,0.20953988086637976,40,40
Wakslak2006_construal,A,sonnet45,none,,,,20,40
Wakslak2006_construal,A,sonnet45,demographic,,,,17,40
Wakslak2006_construal,B,sonnet5,none,-0.31694680906544237,-0.5802177077412499,-0.025879032848115147,40,40
Wakslak2006_construal,B,sonnet5,demographic,0.22928638950351987,-0.07677555805419452,0.5049314542752256,40,40
Wakslak2006_construal,B,sonnet45,none,0.0,0.0,0.0,22,40
Wakslak2006_construal,B,sonnet45,demographic,-0.4368073733706916,-0.6316761217695757,-0.2615680360969892,30,40
Wakslak2006_construal,frame_flip,sonnet5,none,0.2924184516323916,0.04276863876976512,0.4614825933908808,40,40
Wakslak2006_construal,frame_flip,sonnet5,demographic,-0.27807031857290654,-0.5256340410937975,0.008111016145477112,40,40
Wakslak2006_construal,frame_flip,sonnet45,none,-0.9827884679791443,-0.9918837577090368,-0.975488848948553,40,40
Wakslak2006_construal,frame_flip,sonnet45,demographic,-0.3148685695730986,-0.5963900972180736,-0.022581193341823312,40,40
Wakslak2006_construal,deidentified,sonnet5,none,0.35387100112948466,0.07589019044886983,0.5986757703812308,40,40
Wakslak2006_construal,deidentified,sonnet5,demographic,-0.17906591917917875,-0.4709627313095119,0.12445926340142573,40,40
Wakslak2006_construal,deidentified,sonnet45,none,,,,18,40
Wakslak2006_construal,deidentified,sonnet45,demographic,0.43358773211837837,0.09131427383011474,0.7606000241218869,30,40
