effect,r_sim,r_bare,r_o,r_r,n_o,n_r,paradigm_class,wave,z_sim,z_bare,z_o,z_r,var_o,var_r,z_sim_r,z_bare_r,replaced
Aryani2020_word_arousal,0.997083,0.999408,0.4179056082321443,0.7214033188451836,28.0,25.0,linguistic_intuition,P2,2.6466524123622457,2.6466524123622457,0.4451517591476822,0.9105649857560216,0.04,0.0454545454545454,2.6466524123622457,2.6466524123622457,True
Asch1946_warm_cold,1.0,1.0,0.6508,0.1966,166.0,183.0,trait_inference,A0A1,2.6466524123622457,2.6466524123622457,0.7766852369564898,0.1991933795153748,0.0061349693251533,0.0055555555555555,-0.8594441439686349,1.6207681714909492,True
Bauer2012_consumer_cues,0.1336305,0.654654,0.2561582384877227,0.0598922907279467,77.0,6608.0,social_judgment,P2,0.1344345507604166,0.7834001947474628,0.261992499538448,0.0599640581953339,0.0135135135135135,0.0001514004542013,0.1344345507604166,0.7834001947474628,False
BlackBarnes2015_transportation,0.9901085,0.932446,0.3261363455467632,0.0099995000374968,60.0,594.0,social_imagery,P2,2.6466524123622457,1.6768072794716,0.3384985964017,0.0099998333408328,0.0175438596491228,0.0016920473773265,2.304660287304781,2.1557101238425096,True
Cao2018_bayesian_pilot,0.9945875,0.914407,0.4358898943540673,0.5099019513592785,348.0,36.0,jdm_bias,P2,2.6466524123622457,1.5537798444913251,0.4671453081032619,0.5625972622359134,0.0028985507246376,0.0303030303030303,2.506393718525236,1.0855842131379767,True
Chao2017_thankyou_gift,0.0,-0.7337993857053428,0.1015,0.0519,519.0,2441.0,incentive,A0A1,0.0,-0.9369101212637072,0.101850730009392,0.0519466749106575,0.001937984496124,0.0004101722723543,0.0,-0.9369101212637072,False
Cooney2016_fairness,0.3154788628195392,0.0995037190209988,0.5657,0.1211,120.0,132.0,moral_judgment,A0A1,0.3266182542848764,0.0998340788992074,0.6411763738883505,0.1216972497944741,0.0085470085470085,0.0077519379844961,0.3266182542848764,0.0998340788992074,False
Correll2007_motherhood_penalty,0.0,0.0,0.3909112646207652,0.0354409589117305,94.0,198.0,social_judgment,P2,0.0,0.0,0.41287521679311,0.0354558087802284,0.0109890109890109,0.0051282051282051,0.0,0.0,False
DeNeve1998_swb_neuroticism,-0.2669445,1.0,-0.22,-0.54,7869.0,1559.0,questionnaire,P2,-0.2735709799223469,2.6466524123622457,-0.2236561090218324,-0.6041556029622671,0.0001271294177472,0.0006426735218508,-0.2735709799223469,2.6466524123622457,False
DogerliogluDemir2014_incidental_anchor,0.0648195,0.563854,0.2606658522907645,0.0549170007571354,58.0,144.0,jdm_bias,P2,0.0649105107129251,0.6384657583418731,0.2668226669099408,0.0549723085118351,0.0181818181818181,0.0070921985815602,0.0649105107129251,0.6384657583418731,False
Eyal2008_moral_distance,-0.0213516437398488,-0.3244723894445251,0.38,0.0316,58.0,116.0,moral_judgment,A0A1,-0.0213548893137781,-0.3366377158295063,0.4000596500560566,0.0316105244716431,0.0181818181818181,0.0088495575221238,-0.0213548893137781,-0.3366377158295063,False
FathKay2018_hierarchy_corruption,0.9587435,0.967884,0.2049390153191919,0.282842712474619,405.0,321.0,social_judgment,P2,1.9301248995486648,2.0576798922315587,0.2078827064739261,0.2907692890372516,0.0024875621890547,0.0031446540880503,2.342480730334812,1.0226804252143369,True
Fetherstonhaugh1997_psychophysical_numbing,0.1885685,0.0,0.7414562912379874,0.4919138057920608,162.0,1606.0,jdm_bias,P2,0.1908524745031487,0.0,0.953706112687206,0.5385819506774197,0.0062893081761006,0.0006238303181534,0.1908524745031487,0.0,False
Finucane2000_affect_heuristic,-0.7085950000000001,-0.726101,-0.75,-0.87,219.0,776.0,jdm_bias,P2,-0.8843563110909572,-0.9204304807191624,-0.9729550745276566,-1.3330796296965248,0.0046296296296296,0.001293661060802,-0.8843563110909572,-0.9204304807191624,False
Genschow2017_free_will_attribution,-0.4044466494243905,-0.572034339289009,0.0946,0.0688,504.0,2822.0,jdm_bias,A0A1,-0.4289538430174333,-0.6505414283513128,0.0948837218539798,0.0689088629026039,0.0019960079840319,0.0003547357218871,-0.4289538430174333,-0.6505414283513128,False
Glikson2017_smiley_competence,0.322011,0.428571,0.3387194682727416,0.1093404791528976,85.0,823.0,trait_inference,P2,0.3338891387415978,0.4581448409371956,0.3526453302526998,0.1097793659205434,0.0121951219512195,0.0012195121951219,0.3338891387415978,0.4581448409371956,False
Hoorens2015_more_less_asymmetry,0.3237744999999999,0.461817,0.6782329983125268,0.4819187497721559,320.0,433.0,jdm_bias,P2,0.3358579022357813,0.4996184052266664,0.8258345228925368,0.5254804479785135,0.0031545741324921,0.0023255813953488,1.2548769822177734,0.43229326302872884,True
Huang2019_anthropomorphism_holistic,0.0,0.0,0.6708203932499369,0.0499376169438922,101.0,584.0,social_judgment,P2,0.0,0.0,0.8122332596240808,0.0499791900693486,0.010204081632653,0.0017211703958691,0.0,0.0,False
Husnu2010_imagined_contact,0.1909458058047239,0.0873704056661037,0.395,0.0649,33.0,6335.0,social_imagery,A0A1,0.1933185806429903,0.0875937460489285,0.4177106181123123,0.0649913507899685,0.0333333333333333,0.0001579279848389,0.1933185806429903,0.0875937460489285,False
John2016_hiding_information,0.2235999999999999,-0.947018,0.1899761158124235,0.0194962936194799,142.0,1224.0,trait_inference,P2,0.2274423804909465,-1.8020510085479895,0.1923123906376008,0.0194987643989151,0.0071942446043165,0.0008190008190008,0.8365848280686787,-0.09671235144602656,True
KimMarkus1999_uniqueness_preference,0.4283015,0.301511,0.2132595826717,0.014048649981898,76.0,31.0,jdm_bias,P2,0.4578147502774013,0.3111808728218926,0.2165837654023395,0.0140495743265971,0.0136986301369863,0.0357142857142857,0.4578147502774013,0.3111808728218926,False
Klink2000_soundsymbolism,0.9990872171419194,0.9973632546798006,0.819,0.222,171.0,823.0,linguistic_intuition,A0A1,2.6466524123622457,2.6466524123622457,1.1537725736261482,0.2257588077765745,0.0059523809523809,0.0012195121951219,1.983527451621574,1.0680463510406366,True
Knobe2003_side_effect,0.3428476690885259,0.9354143466934854,0.6006,0.6585,78.0,7982.0,moral_judgment,A0A1,0.3573159571607238,1.7000422070566703,0.6940852084756155,0.7901605896881312,0.0133333333333333,0.000125328988595,0.8105842130028873,0.9030497383856957,True
McCullough2002_gratitude_agreeableness,0.144785,-0.419025,0.41,0.54,1228.0,1559.0,questionnaire,P2,0.1458096130586175,-0.4465087841897456,0.4356112232362243,0.6041556029622671,0.0008163265306122,0.0006426735218508,0.1458096130586175,-0.4465087841897456,False
Mellers2001_conjunction_frequency,0.692666,-0.766032,0.282945147243684,0.237962230135701,108.0,1032.0,jdm_bias,P2,0.8530624878285297,-1.010653073587758,0.2908806346845318,0.2426129113970747,0.0095238095238095,0.0009718172983479,0.8530624878285297,-1.010653073587758,False
Miyamoto2002_correspondence_bias,0.9435936045017984,0.0,0.7742,0.673,58.0,7197.0,trait_inference,A0A1,1.769855682275255,0.0,1.0307276221854624,0.8162067650447854,0.0181818181818181,0.0001390047261606,1.925798497128914,0.39078465432105186,True
Oppenheimer2009_retrospective_gambler,0.2491098748769567,0.0956973096275791,0.3261,0.01,80.0,5979.0,jdm_bias,A0A1,0.2544635701182917,0.0959910565932435,0.338457925365691,0.0100003333533347,0.0129870129870129,0.0001673360107095,0.2544635701182917,0.0959910565932435,False
Park2019_scarcity_price_quality,-0.0305834999999999,-0.185695,0.2236067977499789,0.0399680383488715,149.0,773.0,jdm_bias,P2,-0.0305930407853488,-0.1878746954197347,0.2274495360057913,0.0399893410060269,0.0068493150684931,0.0012987012987012,-0.0305930407853488,-0.1878746954197347,False
Paunonen2003_attractiveness_extraversion,0.334594,0.749687,0.24,0.33,418.0,1550.0,questionnaire,P2,0.3479925120270344,0.972240029507026,0.2447741126593529,0.3428282544153939,0.0024096385542168,0.0006464124111182,0.3479925120270344,0.972240029507026,False
Reinhard2013_unconscious_lie_detection,0.086387,0.0,0.3464101615137754,0.0447213595499957,66.0,110.0,jdm_bias,P2,0.0866028611918025,0.0,0.3613585967939576,0.044751209617973,0.0158730158730158,0.0093457943925233,0.0866028611918025,0.0,False
Rottenstreich2001_affective_lottery,0.1666666666666666,0.0,0.3748,-0.04,40.0,7218.0,jdm_bias,A0A1,0.1682361183106064,0.0,0.3939959732141787,-0.0400213538367682,0.027027027027027,0.0001386001386001,0.3565641875366233,-0.21540279020197262,True
Stevenson2000_web_brand_attitude,1.0,0.992846,0.42,0.54,30.0,95.0,social_judgment,P2,2.6466524123622457,2.6466524123622457,0.4476920235274206,0.6041556029622671,0.037037037037037,0.0108695652173913,2.6466524123622457,2.6466524123622457,False
Tamir2012_selfdisclosure,0.2177187031280415,0.0,0.4853,0.0046,37.0,19.0,incentive,A0A1,0.221260040625265,0.0,0.5298939221883892,0.0046000324457452,0.0294117647058823,0.0625,-1.6808193639994975,-1.0571286532661286,True
Thoresen2003_commitment_negative_affect,0.1350575,0.0,-0.19,-0.26,713.0,748.0,questionnaire,P2,0.1358877793456467,0.0,-0.1923371692195453,-0.2661084068736541,0.0014084507042253,0.0013422818791946,0.1358877793456467,0.0,False
Tversky1973_availability_letters,-0.3333333333333332,-0.4,0.3794,0.045,152.0,3088.0,jdm_bias,A0A1,-0.3465735902799726,-0.4236489301936018,0.3993585744914555,0.0450304119590905,0.0067114093959731,0.0003241491085899,-0.3465735902799726,-0.4236489301936018,False
Valdesolo2007_hypocrisy,0.6496485408008601,0.5516772843673704,0.4853,0.0,74.0,540.0,moral_judgment,A0A1,0.7746903594235934,0.6207892116538605,0.5298939221883892,0.0,0.0140845070422535,0.0018621973929236,0.7556442530411533,0.21096777308790907,True
VanBoven2007_anticipation,0.8151514736171838,0.1054092553389459,0.44,0.01,36.0,246.0,jdm_bias,A0A1,1.1421937431831102,0.1058022835224924,0.4722308044204257,0.0100003333533347,0.0303030303030303,0.0041152263374485,1.1421937431831102,0.1058022835224924,False
Wakslak2006_construal,0.6845968460768996,0.1856953381770512,0.6101,-0.0946,21.0,115.0,jdm_bias,A0A1,0.8377149397177468,0.1878750456745149,0.7090806359311705,-0.0948837218539798,0.0555555555555555,0.0089285714285714,0.8377149397177468,0.1878750456745149,False
Weinstein1984_comparative_optimism,-0.9835595,-0.83666,-0.3511234415883917,-0.196116135138184,136.0,480.0,jdm_bias,P2,-2.3964502170964073,-1.2099350328890337,-0.3667246042301368,-0.1986901103492413,0.0075187969924812,0.0020964360587002,2.6466524123622457,0.6106480068909447,True
