effect,model,r_sim,r_sim_all,variant_spread,refusal_rate,r_bare,r_o,r_r,n_o,n_r,paradigm_class,wave,z_sim,z_bare,z_o,z_r,D_pub,var_o,var_r
Ackerman2010_haptic_weight,sonnet5,0.0,0.0,0.0,,,0.26111568302638,0.063,54.0,599.0,social_priming,P2,0.0,,0.2673053510669907,0.06308354805176287,0.20422180301522785,0.0196078431372549,0.0016778523489932886
Ackerman2010_haptic_weight,sonnet45,,,,,,0.26111568302638,0.063,54.0,599.0,social_priming,P2,,,0.2673053510669907,0.06308354805176287,0.20422180301522785,0.0196078431372549,0.0016778523489932886
Aryani2020_word_arousal,sonnet5,0.99935,0.9992,0.00019999999999997797,,0.9999,0.4179056082321443,0.7214033188451836,28.0,25.0,linguistic_intuition,P2,2.6466524123622457,2.6466524123622457,0.44515175914768224,0.9105649857560215,-0.4654132266083393,0.04,0.045454545454545456
Aryani2020_word_arousal,sonnet45,0.99985,0.9992000000000001,0.001000000000000112,,0.9997,0.4179056082321443,0.7214033188451836,28.0,25.0,linguistic_intuition,P2,2.6466524123622457,2.6466524123622457,0.44515175914768224,0.9105649857560215,-0.4654132266083393,0.04,0.045454545454545456
Bauer2012_consumer_cues,sonnet5,0.0,0.0,0.09285,,0.0,0.2561582384877227,0.0598922907279467,77.0,6608.0,social_judgment,P2,0.0,0.0,0.261992499538448,0.059964058195333916,0.2020284413431141,0.013513513513513514,0.0001514004542013626
Bauer2012_consumer_cues,sonnet45,-0.27215,-0.12135,0.21880000000000005,,0.0,0.2561582384877227,0.0598922907279467,77.0,6608.0,social_judgment,P2,-0.27918433923257446,0.0,0.261992499538448,0.059964058195333916,0.2020284413431141,0.013513513513513514,0.0001514004542013626
BlackBarnes2015_transportation,sonnet5,0.99015,0.9862,0.0014999999999999458,,0.994,0.3261363455467632,0.0099995000374968,60.0,594.0,social_imagery,P2,2.6466524123622457,2.6466524123622457,0.3384985964017,0.009999833340832813,0.32849876306086717,0.017543859649122806,0.001692047377326565
BlackBarnes2015_transportation,sonnet45,0.9965999999999999,0.99115,0.04305000000000003,,0.9742,0.3261363455467632,0.0099995000374968,60.0,594.0,social_imagery,P2,2.6466524123622457,2.168772020028107,0.3384985964017,0.009999833340832813,0.32849876306086717,0.017543859649122806,0.001692047377326565
Blank2022_double_misinformation,sonnet5,,,,,,-0.69,-0.385,96.0,229.0,verifiable,P2,,,-0.8479557552189635,-0.4059165754074605,-0.442039179811503,0.010752688172043012,0.004424778761061947
Blank2022_double_misinformation,sonnet45,,,,,,-0.69,-0.385,96.0,229.0,verifiable,P2,,,-0.8479557552189635,-0.4059165754074605,-0.442039179811503,0.010752688172043012,0.004424778761061947
Cao2018_bayesian_pilot,sonnet5,0.99095,0.9907,0.0907,,0.7746,0.4358898943540673,0.5099019513592785,348.0,36.0,jdm_bias,P2,2.6466524123622457,1.0317268613977806,0.46714530810326194,0.5625972622359134,-0.0954519541326515,0.002898550724637681,0.030303030303030304
Cao2018_bayesian_pilot,sonnet45,0.9983,0.9751000000000001,0.06219999999999992,,0.0,0.4358898943540673,0.5099019513592785,348.0,36.0,jdm_bias,P2,2.6466524123622457,0.0,0.46714530810326194,0.5625972622359134,-0.0954519541326515,0.002898550724637681,0.030303030303030304
CarterGilovich2012_experiential_self,sonnet5,0.9381999999999999,0.8908499999999999,0.1635000000000001,,,0.1823885229561945,0.3090860723375581,121.0,743.0,introspective_recall,P2,1.7228058109184017,,0.18445229337478944,0.319534632000572,-0.1350823386257826,0.00847457627118644,0.0013513513513513514
CarterGilovich2012_experiential_self,sonnet45,0.39165,0.5271,0.28600000000000003,,,0.1823885229561945,0.3090860723375581,121.0,743.0,introspective_recall,P2,0.41374749913188524,,0.18445229337478944,0.319534632000572,-0.1350823386257826,0.00847457627118644,0.0013513513513513514
Caruso2013_money_priming,sonnet5,0.7663,0.67405,0.5294,,,0.3713906763541036,-0.0099995000374968,30.0,6340.0,social_priming,P2,1.0113020003082926,,0.39003531977071515,-0.009999833340832813,0.40003515311154797,0.037037037037037035,0.00015780337699226762
Caruso2013_money_priming,sonnet45,0.60315,0.2776,0.43965,,,0.3713906763541036,-0.0099995000374968,30.0,6340.0,social_priming,P2,0.6980836736212832,,0.39003531977071515,-0.009999833340832813,0.40003515311154797,0.037037037037037035,0.00015780337699226762
Correll2007_motherhood_penalty,sonnet5,-0.20145,-0.1396,0.36555,,-0.6325,0.3909112646207652,0.0354409589117305,94.0,198.0,social_judgment,P2,-0.20424342827996772,-0.7455722712488473,0.41287521679311,0.03545580878022845,0.37741940801288154,0.01098901098901099,0.005128205128205128
Correll2007_motherhood_penalty,sonnet45,-0.4455,-0.1009,0.3452,,,0.3909112646207652,0.0354409589117305,94.0,198.0,social_judgment,P2,-0.4790718773329895,,0.41287521679311,0.03545580878022845,0.37741940801288154,0.01098901098901099,0.005128205128205128
DeNeve1998_swb_neuroticism,sonnet5,-0.5275000000000001,-0.4928,0.01805000000000001,,0.7482,-0.22,-0.54,7869.0,1559.0,questionnaire,P2,-0.5866749720559765,0.9688534222680704,-0.22365610902183242,-0.6041556029622671,0.3804994939404347,0.0001271294177472667,0.0006426735218508997
DeNeve1998_swb_neuroticism,sonnet45,-0.12115000000000004,-0.694,0.44310000000000005,,,-0.22,-0.54,7869.0,1559.0,questionnaire,P2,-0.12174799428031623,,-0.22365610902183242,-0.6041556029622671,0.3804994939404347,0.0001271294177472667,0.0006426735218508997
DogerliogluDemir2014_incidental_anchor,sonnet5,0.43674999999999997,0.3087,0.20034999999999997,,-0.3333,0.2606658522907645,0.0549170007571354,58.0,144.0,jdm_bias,P2,0.4682076590377485,-0.3465360907486992,0.26682266690994083,0.05497230851183513,0.2118503583981057,0.01818181818181818,0.0070921985815602835
DogerliogluDemir2014_incidental_anchor,sonnet45,-0.1415,-0.1415,0.16444999999999999,,-0.5774,0.2606658522907645,0.0549170007571354,58.0,144.0,jdm_bias,P2,-0.14245589281615997,-0.6585535478909671,0.26682266690994083,0.05497230851183513,0.2118503583981057,0.01818181818181818,0.0070921985815602835
Elliot2010_red_attraction,sonnet5,0.5,0.28735,0.78735,,,0.3911406403448517,-0.114247022914439,33.0,28.0,social_priming,P2,0.5493061443340549,,0.4131459948322174,-0.11474801758198483,0.5278940124142022,0.03333333333333333,0.04
Elliot2010_red_attraction,sonnet45,0.0,0.1141,0.023599999999999996,,,0.3911406403448517,-0.114247022914439,33.0,28.0,social_priming,P2,0.0,,0.4131459948322174,-0.11474801758198483,0.5278940124142022,0.03333333333333333,0.04
FathKay2018_hierarchy_corruption,sonnet5,0.9872,0.9864999999999999,0.0023499999999999632,,0.9586,0.2049390153191919,0.282842712474619,405.0,321.0,social_judgment,P2,2.5225183604067927,1.9283521652277127,0.20788270647392612,0.29076928903725163,-0.08288658256332551,0.0024875621890547263,0.0031446540880503146
FathKay2018_hierarchy_corruption,sonnet45,0.9848,0.9848,0.017799999999999927,,0.8853,0.2049390153191919,0.282842712474619,405.0,321.0,social_judgment,P2,2.4359890022626804,1.399761107138606,0.20788270647392612,0.29076928903725163,-0.08288658256332551,0.0024875621890547263,0.0031446540880503146
Fetherstonhaugh1997_psychophysical_numbing,sonnet5,0.148,-0.04165,0.019200000000000016,,0.0,0.7414562912379874,0.4919138057920608,162.0,1606.0,jdm_bias,P2,0.149095025025098,0.0,0.9537061126872061,0.5385819506774197,0.4151241620097864,0.006289308176100629,0.0006238303181534623
Fetherstonhaugh1997_psychophysical_numbing,sonnet45,-0.1431,-0.1431,0.25029999999999997,,0.0,0.7414562912379874,0.4919138057920608,162.0,1606.0,jdm_bias,P2,-0.1440889616783298,0.0,0.9537061126872061,0.5385819506774197,0.4151241620097864,0.006289308176100629,0.0006238303181534623
Finucane2000_affect_heuristic,sonnet5,-0.688732,-0.688732,0.07566649999999986,0.0,-0.661294,-0.75,-0.87,219.0,776.0,jdm_bias,P2,-0.8455394765071356,-0.7951098106488962,-0.9729550745276566,-1.3330796296965248,0.3601245551688682,0.004629629629629629,0.00129366106080207
Finucane2000_affect_heuristic,sonnet45,-0.8054945,-0.7879175,0.039119000000000015,0.0,-0.728538,-0.75,-0.87,219.0,776.0,jdm_bias,P2,-1.1140646770858191,-0.9256045385444509,-0.9729550745276566,-1.3330796296965248,0.3601245551688682,0.004629629629629629,0.00129366106080207
Galinsky2006_power_perspective,sonnet5,0.0,0.0,0.0,0.0,,0.3592917377421468,0.0149983127847122,42.0,2969.0,introspective_recall,P2,0.0,,0.37607241888475235,0.014999437556945456,0.3610729813278069,0.02564102564102564,0.00033715441672285906
Galinsky2006_power_perspective,sonnet45,0.0,0.0,0.0,0.0,,0.3592917377421468,0.0149983127847122,42.0,2969.0,introspective_recall,P2,0.0,,0.37607241888475235,0.014999437556945456,0.3610729813278069,0.02564102564102564,0.00033715441672285906
Gervais2012_analytic_priming,sonnet5,0.4005355,0.2668225,0.00985050000000004,0.0,,0.2873478855663454,0.0349785821756186,57.0,952.0,social_priming,P2,0.42428659288399323,,0.29567304756342244,0.03499285810293737,0.2606801894604851,0.018518518518518517,0.001053740779768177
Gervais2012_analytic_priming,sonnet45,0.210233,0.1212975,0.0,0.6764705882352942,,0.2873478855663454,0.0349785821756186,57.0,952.0,social_priming,P2,0.21341510839337868,,0.29567304756342244,0.03499285810293737,0.2606801894604851,0.018518518518518517,0.001053740779768177
Giessner2007_vertical_power,sonnet5,0.9703615000000001,0.966475,0.10163749999999994,0.0,,0.2638110893282788,0.0149983127847122,64.0,7890.0,social_priming,P2,2.0984490577878665,,0.27020017549472614,0.014999437556945456,0.2552007379377807,0.01639344262295082,0.00012679092177000128
Giessner2007_vertical_power,sonnet45,0.340777,0.5424865,1.0523215000000001,0.02564102564102564,,0.2638110893282788,0.0149983127847122,64.0,7890.0,social_priming,P2,0.35497135343972436,,0.27020017549472614,0.014999437556945456,0.2552007379377807,0.01639344262295082,0.00012679092177000128
Glikson2017_smiley_competence,sonnet5,0.291596,0.6070690000000001,0.7170865,0.0,-0.654654,0.3387194682727416,0.1093404791528976,85.0,823.0,trait_inference,P2,0.3003096947625834,-0.7834001947474628,0.35264533025269984,0.10977936592054341,0.24286596433215643,0.012195121951219513,0.0012195121951219512
Glikson2017_smiley_competence,sonnet45,-0.0881305,-0.0881305,0.466555,0.02127659574468085,-0.622543,0.3387194682727416,0.1093404791528976,85.0,823.0,trait_inference,P2,-0.0883597386728021,-0.7291466478109646,0.35264533025269984,0.10977936592054341,0.24286596433215643,0.012195121951219513,0.0012195121951219512
Helzer2011_cleansing_conservatism,sonnet5,0.289662,0.0151935,0.20972449999999998,0.0,,0.4065622681231995,-0.029986509105671,52.0,160.0,social_priming,P2,0.29819726721263085,,0.4314858034460881,-0.02999550182152426,0.4614813052676124,0.02040816326530612,0.006369426751592357
Helzer2011_cleansing_conservatism,sonnet45,0.0,0.0,0.16657349999999999,0.0196078431372549,,0.4065622681231995,-0.029986509105671,52.0,160.0,social_priming,P2,0.0,,0.4314858034460881,-0.02999550182152426,0.4614813052676124,0.02040816326530612,0.006369426751592357
Hoorens2015_more_less_asymmetry,sonnet5,0.9223795,0.8337125000000001,0.2899784999999999,0.0,0.966558,0.6782329983125268,0.4819187497721559,320.0,433.0,jdm_bias,P2,1.604743726526497,2.0371137452106827,0.8258345228925368,0.5254804479785135,0.30035407491402333,0.0031545741324921135,0.002325581395348837
Hoorens2015_more_less_asymmetry,sonnet45,0.9801945,0.820669,0.004301500000000069,0.0,0.495188,0.6782329983125268,0.4819187497721559,320.0,433.0,jdm_bias,P2,2.302495337141085,0.5429105738458485,0.8258345228925368,0.5254804479785135,0.30035407491402333,0.0031545741324921135,0.002325581395348837
Huang2014_cleanliness_effort,sonnet5,-0.1704955,-0.1704955,0.192035,0.5686274509803921,,-0.1434993104669943,0.0617568943169517,218.0,387.0,social_priming,P2,-0.17217695392105317,,-0.14449664381882232,0.061835586298119236,-0.20633223011694157,0.004651162790697674,0.0026041666666666665
Huang2014_cleanliness_effort,sonnet45,-0.108745,0.280047,0.1252545,0.45454545454545453,,-0.1434993104669943,0.0617568943169517,218.0,387.0,social_priming,P2,-0.10917672110990578,,-0.14449664381882232,0.061835586298119236,-0.20633223011694157,0.004651162790697674,0.0026041666666666665
Huang2019_anthropomorphism_holistic,sonnet5,0.0,0.0,0.0,0.0,0.0,0.6708203932499369,0.0499376169438922,101.0,584.0,social_judgment,P2,0.0,0.0,0.8122332596240808,0.04997919006934863,0.7622540695547322,0.01020408163265306,0.0017211703958691911
Huang2019_anthropomorphism_holistic,sonnet45,0.0,0.0,0.0,0.008403361344537815,0.0,0.6708203932499369,0.0499376169438922,101.0,584.0,social_judgment,P2,0.0,0.0,0.8122332596240808,0.04997919006934863,0.7622540695547322,0.01020408163265306,0.0017211703958691911
John2016_hiding_information,sonnet5,0.892225,0.892225,0.26823299999999994,0.0,-0.907263,0.1899761158124235,0.0194962936194799,142.0,1224.0,trait_inference,P2,1.4327314718419453,-1.5118284895523395,0.1923123906376008,0.01949876439891511,0.17281362623868568,0.007194244604316547,0.000819000819000819
John2016_hiding_information,sonnet45,1.0,0.9976985,0.07543699999999998,0.19402985074626866,-0.826908,0.1899761158124235,0.0194962936194799,142.0,1224.0,trait_inference,P2,2.6466524123622457,-1.1782784771407653,0.1923123906376008,0.01949876439891511,0.17281362623868568,0.007194244604316547,0.000819000819000819
Jostmann2009_weight_importance,sonnet5,0.7804125,0.9439850000000001,0.22495750000000003,0.0,,0.282945147243684,0.0149983127847122,51.0,2374.0,social_priming,P2,1.0464247858358662,,0.2908806346845318,0.014999437556945456,0.27588119712758635,0.020833333333333332,0.00042176296921130323
Jostmann2009_weight_importance,sonnet45,0.534383,0.503885,0.281576,0.02512562814070352,,0.282945147243684,0.0149983127847122,51.0,2374.0,social_priming,P2,0.5962601085202045,,0.2908806346845318,0.014999437556945456,0.27588119712758635,0.020833333333333332,0.00042176296921130323
Kay2014_structure_goal_pursuit,sonnet5,0.412828,0.20563900000000002,0.15163349999999998,0.0,,0.2425356250363329,-0.0099995000374968,67.0,6506.0,social_priming,P2,0.4390154281065835,,0.2474664615472634,-0.009999833340832813,0.2574662948880962,0.015625,0.00015377518068583732
Kay2014_structure_goal_pursuit,sonnet45,0.609088,0.441054,0.377378,0.31868131868131866,,0.2425356250363329,-0.0099995000374968,67.0,6506.0,social_priming,P2,0.7074701835681266,,0.2474664615472634,-0.009999833340832813,0.2574662948880962,0.015625,0.00015377518068583732
KimMarkus1999_uniqueness_preference,sonnet5,-0.5709195,-0.409436,0.24795250000000005,0.0,-0.218218,0.2132595826717,0.014048649981898,76.0,31.0,jdm_bias,P2,-0.6488859243413589,-0.22178424244476846,0.2165837654023395,0.014049574326597196,0.2025341910757423,0.0136986301369863,0.03571428571428571
KimMarkus1999_uniqueness_preference,sonnet45,0.5,0.5501285,0.5657535,0.0,0.333333,0.2132595826717,0.014048649981898,76.0,31.0,jdm_bias,P2,0.5493061443340549,0.3465732152800195,0.2165837654023395,0.014049574326597196,0.2025341910757423,0.0136986301369863,0.03571428571428571
Kozak2006_action_identification,sonnet5,0.206519,0.45651,0.0,0.0,,0.3,0.08,50.0,1086.0,trait_inference,P2,0.20953251892112976,,0.30951960420311175,0.08017132503758968,0.22934827916552208,0.02127659574468085,0.0009233610341643582
Kozak2006_action_identification,sonnet45,0.641361,0.7576285,0.0,0.015228426395939087,,0.3,0.08,50.0,1086.0,trait_inference,P2,0.7604823715883658,,0.30951960420311175,0.08017132503758968,0.22934827916552208,0.02127659574468085,0.0009233610341643582
Kupor2015_god_risk,sonnet5,0.2129855,0.11066500000000001,0.5257935,,,0.2758634886606276,0.0698291276999138,61.0,556.0,social_priming,P2,0.21629664119750674,,0.28319927409372625,0.06994295901940176,0.2132563150743245,0.017241379310344827,0.0018083182640144665
Kupor2015_god_risk,sonnet45,0.21665,0.08725100000000001,0.0,,,0.2758634886606276,0.0698291276999138,61.0,556.0,social_priming,P2,0.2201384321724837,,0.28319927409372625,0.06994295901940176,0.2132563150743245,0.017241379310344827,0.0018083182640144665
McCullough2002_gratitude_agreeableness,sonnet5,0.081957,0.27046749999999997,0.22541199999999997,,0.616061,0.41,0.54,1228.0,1559.0,questionnaire,P2,0.08214124345733397,0.7186316500454862,0.4356112232362243,0.6041556029622671,-0.1685443797260428,0.0008163265306122449,0.0006426735218508997
McCullough2002_gratitude_agreeableness,sonnet45,-0.139583,0.3996905,0.12451650000000003,,0.0,0.41,0.54,1228.0,1559.0,questionnaire,P2,-0.1405002647736047,0.0,0.4356112232362243,0.6041556029622671,-0.1685443797260428,0.0008163265306122449,0.0006426735218508997
Mellers2001_conjunction_frequency,sonnet5,0.901224,0.900177,0.1720425,,0.613151,0.282945147243684,0.237962230135701,108.0,1032.0,jdm_bias,P2,1.4786992540004393,0.7139551260579647,0.2908806346845318,0.24261291139707472,0.04826772328745707,0.009523809523809525,0.0009718172983479105
Mellers2001_conjunction_frequency,sonnet45,0.87701,0.44380899999999995,0.15293600000000007,,-0.612531,0.282945147243684,0.237962230135701,108.0,1032.0,jdm_bias,P2,1.3626661564842517,-0.712962213849052,0.2908806346845318,0.24261291139707472,0.04826772328745707,0.009523809523809525,0.0009718172983479105
Park2019_scarcity_price_quality,sonnet5,0.0,0.0,0.0,,0.0,0.2236067977499789,0.0399680383488715,149.0,773.0,jdm_bias,P2,0.0,0.0,0.22744953600579132,0.03998934100602693,0.1874601949997644,0.00684931506849315,0.0012987012987012987
Park2019_scarcity_price_quality,sonnet45,0.0,0.0,0.0,,,0.2236067977499789,0.0399680383488715,149.0,773.0,jdm_bias,P2,0.0,,0.22744953600579132,0.03998934100602693,0.1874601949997644,0.00684931506849315,0.0012987012987012987
Paunonen2003_attractiveness_extraversion,sonnet5,0.717428,0.52278,0.24517700000000003,,0.075714,0.24,0.33,418.0,1550.0,questionnaire,P2,0.9023248582252035,0.07585917928787252,0.2447741126593529,0.3428282544153939,-0.09805414175604099,0.0024096385542168677,0.0006464124111182935
Paunonen2003_attractiveness_extraversion,sonnet45,0.0,0.1054675,0.16682600000000003,,0.064633,0.24,0.33,418.0,1550.0,questionnaire,P2,0.0,0.06472322608578022,0.2447741126593529,0.3428282544153939,-0.09805414175604099,0.0024096385542168677,0.0006464124111182935
Peters2006_numeracy_framing,sonnet5,0.032124,0.032124,0.1873455,,0.059358,0.3316624790355399,0.1,100.0,860.0,jdm_bias,P2,0.032135056982302915,0.059427861189396046,0.34469505401899686,0.10033534773107558,0.24435970628792128,0.010309278350515464,0.0011668611435239206
Peters2006_numeracy_framing,sonnet45,,0.058253,0.303828,,,0.3316624790355399,0.1,100.0,860.0,jdm_bias,P2,,,0.34469505401899686,0.10033534773107558,0.24435970628792128,0.010309278350515464,0.0011668611435239206
Reinhard2013_unconscious_lie_detection,sonnet5,0.0,0.0,0.0,,0.0,0.3464101615137754,0.0447213595499957,66.0,110.0,jdm_bias,P2,0.0,0.0,0.3613585967939576,0.044751209617973096,0.3166073871759845,0.015873015873015872,0.009345794392523364
Reinhard2013_unconscious_lie_detection,sonnet45,0.456418,0.0928475,0.5492655,,0.0,0.3464101615137754,0.0447213595499957,66.0,110.0,jdm_bias,P2,0.4927773531604483,0.0,0.3613585967939576,0.044751209617973096,0.3166073871759845,0.015873015873015872,0.009345794392523364
Scopelliti2015_bragging_emotion,sonnet5,0.487479,0.45805199999999996,0.8667199999999999,,,0.2252948577076705,-0.0290052304815362,154.0,124.0,introspective_recall,P2,0.5327481669451145,,0.22922714939175745,-0.029013368656230817,0.25824051804798825,0.006622516556291391,0.008264462809917356
Scopelliti2015_bragging_emotion,sonnet45,0.445638,0.445638,1.0951495,,,0.2252948577076705,-0.0290052304815362,154.0,124.0,introspective_recall,P2,0.479244061318753,,0.22922714939175745,-0.029013368656230817,0.25824051804798825,0.006622516556291391,0.008264462809917356
Shnabel2008_needs_reconciliation,sonnet5,-0.3261775,-0.15255049999999998,0.23129200000000005,,,0.2645751311064591,0.09,94.0,1376.0,introspective_recall,P2,-0.3385446499554678,,0.27102154744373086,0.09024418785614682,0.18077735958758404,0.01098901098901099,0.0007283321194464676
Shnabel2008_needs_reconciliation,sonnet45,0.1682505,0.1682505,0.239737,,,0.2645751311064591,0.09,94.0,1376.0,introspective_recall,P2,0.16986564790739644,,0.27102154744373086,0.09024418785614682,0.18077735958758404,0.01098901098901099,0.0007283321194464676
Stevenson2000_web_brand_attitude,sonnet5,0.9158014999999999,0.9376605,0.09694400000000003,,0.771641,0.42,0.54,30.0,95.0,social_judgment,P2,1.5623571227742294,1.024371281333527,0.44769202352742066,0.6041556029622671,-0.15646357943484646,0.037037037037037035,0.010869565217391304
Stevenson2000_web_brand_attitude,sonnet45,0.4990715,0.4990505,0.998122,,0.0,0.42,0.54,30.0,95.0,social_judgment,P2,0.5480689095506963,0.0,0.44769202352742066,0.6041556029622671,-0.15646357943484646,0.037037037037037035,0.010869565217391304
Thoresen2003_commitment_negative_affect,sonnet5,-0.0665535,-0.0665535,0.439887,,0.316124,-0.19,-0.26,713.0,748.0,questionnaire,P2,-0.06665202529818488,0.3273348588659677,-0.1923371692195453,-0.2661084068736541,0.07377123765410881,0.0014084507042253522,0.0013422818791946308
Thoresen2003_commitment_negative_affect,sonnet45,-0.5,0.0963385,0.6331865,,-0.46642,-0.19,-0.26,713.0,748.0,questionnaire,P2,-0.5493061443340549,-0.5054851613181548,-0.1923371692195453,-0.2661084068736541,0.07377123765410881,0.0014084507042253522,0.0013422818791946308
Weinstein1984_comparative_optimism,sonnet5,-0.9686245,-0.9601455000000001,0.030888000000000027,,-0.99784,-0.3511234415883917,-0.196116135138184,136.0,480.0,jdm_bias,P2,-2.069531510465193,-2.6466524123622457,-0.3667246042301368,-0.19869011034924136,-0.16803449388089545,0.007518796992481203,0.0020964360587002098
Weinstein1984_comparative_optimism,sonnet45,-0.8833135000000001,-0.8833135000000001,0.30191650000000003,,,-0.3511234415883917,-0.196116135138184,136.0,480.0,jdm_bias,P2,-1.3906485765382441,,-0.3667246042301368,-0.19869011034924136,-0.16803449388089545,0.007518796992481203,0.0020964360587002098
WilliamsBargh2008_distance_priming,sonnet5,-0.1790145,-0.11163500000000001,0.11872349999999998,,,0.3316624790355399,0.0,84.0,125.0,social_priming,P2,-0.18096437555596542,,0.34469505401899686,0.0,0.34469505401899686,0.012345679012345678,0.00819672131147541
WilliamsBargh2008_distance_priming,sonnet45,-0.1886,-0.116338,0.057405,,,0.3316624790355399,0.0,84.0,125.0,social_priming,P2,-0.19088513608010668,,0.34469505401899686,0.0,0.34469505401899686,0.012345679012345678,0.00819672131147541
Zarkadi2013_visual_contrast,sonnet5,-0.0920575,0.0,0.08589400000000001,,,0.2645751311064591,0.0316227766016837,111.0,8602.0,social_priming,P2,-0.09231887999565794,,0.27102154744373086,0.03163332385629397,0.2393882235874369,0.009259259259259259,0.00011629259216187928
Zarkadi2013_visual_contrast,sonnet45,0.0,0.0,0.0,,,0.2645751311064591,0.0316227766016837,111.0,8602.0,social_priming,P2,0.0,,0.27102154744373086,0.03163332385629397,0.2393882235874369,0.009259259259259259,0.00011629259216187928
Asch1946_warm_cold,sonnet5,1.0,1.0,,,0.0,0.6508,0.1966,166.0,183.0,trait_inference,A0A1,2.6466524123622457,0.0,0.7766852369564898,0.1991933795153748,0.577491857441115,0.006134969325153374,0.005555555555555556
Asch1946_warm_cold,sonnet45,1.0,1.0,,,0.0,0.6508,0.1966,166.0,183.0,trait_inference,A0A1,2.6466524123622457,0.0,0.7766852369564898,0.1991933795153748,0.577491857441115,0.006134969325153374,0.005555555555555556
Banerjee2012_brightness,sonnet5,0.6584346778191597,0.6584346778191597,,,,0.5239,-0.015,74.0,482.0,introspective_recall,A0A1,0.7900452652063926,,0.5817001005476711,-0.015001125151899412,0.5967012256995705,0.014084507042253521,0.0020876826722338203
Banerjee2012_brightness,sonnet45,0.2408289518740018,0.2408289518740018,,,,0.5239,-0.015,74.0,482.0,introspective_recall,A0A1,0.2456539164830937,,0.5817001005476711,-0.015001125151899412,0.5967012256995705,0.014084507042253521,0.0020876826722338203
Bargh2012_warmth,sonnet5,0.0061944704294666,0.0061944704294666,,,,0.57,0.02,51.0,311.0,questionnaire,A0A1,0.006194549661590251,,0.6475228448273728,0.020002667306849582,0.6275201775205231,0.020833333333333332,0.003246753246753247
Bargh2012_warmth,sonnet45,0.0320423899705795,0.0320423899705795,,,,0.57,0.02,51.0,311.0,questionnaire,A0A1,0.03205336286251416,,0.6475228448273728,0.020002667306849582,0.6275201775205231,0.020833333333333332,0.003246753246753247
Cooney2016_fairness,sonnet5,0.8754804791094791,0.8754804791094791,,,0.9156284542458348,0.5657,0.1211,120.0,132.0,moral_judgment,A0A1,1.3560788315932675,1.5612854065866995,0.6411763738883505,0.12169724979447419,0.5194791240938763,0.008547008547008548,0.007751937984496124
Cooney2016_fairness,sonnet45,0.0,0.0,,,0.4349588362008402,0.5657,0.1211,120.0,132.0,moral_judgment,A0A1,0.0,0.4659964287168527,0.6411763738883505,0.12169724979447419,0.5194791240938763,0.008547008547008548,0.007751937984496124
Klink2000_soundsymbolism,sonnet5,0.9923672332051516,0.9923672332051516,,,0.9960238411119948,0.819,0.222,171.0,823.0,linguistic_intuition,A0A1,2.6466524123622457,2.6466524123622457,1.1537725736261482,0.2257588077765745,0.9280137658495736,0.005952380952380952,0.0012195121951219512
Klink2000_soundsymbolism,sonnet45,0.993764945217404,0.993764945217404,,,0.9963611234667512,0.819,0.222,171.0,823.0,linguistic_intuition,A0A1,2.6466524123622457,2.6466524123622457,1.1537725736261482,0.2257588077765745,0.9280137658495736,0.005952380952380952,0.0012195121951219512
Slepian2012_secrets,sonnet5,0.293002642697323,0.293002642697323,,,,0.52,0.04,40.0,100.0,introspective_recall,A0A1,0.3018477473162406,,0.5763397549691928,0.04002135383676822,0.5363184011324246,0.02702702702702703,0.010309278350515464
Slepian2012_secrets,sonnet45,0.5804009254497846,0.5804009254497846,,,,0.52,0.04,40.0,100.0,introspective_recall,A0A1,0.6630670865746062,,0.5763397549691928,0.04002135383676822,0.5363184011324246,0.02702702702702703,0.010309278350515464
Tamir2012_selfdisclosure,sonnet5,0.6938886664887108,0.6938886664887108,,,-0.9916316520429012,0.4853,0.0046,37.0,19.0,incentive,A0A1,0.8554166400029134,-2.6466524123622457,0.5298939221883892,0.004600032445745265,0.5252938897426439,0.029411764705882353,0.0625
Tamir2012_selfdisclosure,sonnet45,0.9505633016562604,0.9505633016562604,,,-0.98991067820108,0.4853,0.0046,37.0,19.0,incentive,A0A1,1.8375902263200534,-2.642183707225027,0.5298939221883892,0.004600032445745265,0.5252938897426439,0.029411764705882353,0.0625
Valdesolo2007_hypocrisy,sonnet5,0.8338417016381369,0.8338417016381369,,,0.0,0.4853,0.0,74.0,540.0,moral_judgment,A0A1,1.200613698681366,0.0,0.5298939221883892,0.0,0.5298939221883892,0.014084507042253521,0.00186219739292365
Valdesolo2007_hypocrisy,sonnet45,0.986039115331124,0.986039115331124,,,0.3082573996425541,0.4853,0.0,74.0,540.0,moral_judgment,A0A1,2.478819036461575,0.3186186898770544,0.5298939221883892,0.0,0.5298939221883892,0.014084507042253521,0.00186219739292365
VanBoven2007_anticipation,sonnet5,0.7663120636086753,0.7663120636086753,,,,0.44,0.01,36.0,246.0,jdm_bias,A0A1,1.0113312259318405,,0.4722308044204257,0.010000333353334763,0.4622304710670909,0.030303030303030304,0.00411522633744856
VanBoven2007_anticipation,sonnet45,0.0,0.0,,,,0.44,0.01,36.0,246.0,jdm_bias,A0A1,0.0,,0.4722308044204257,0.010000333353334763,0.4622304710670909,0.030303030303030304,0.00411522633744856
Wakslak2006_construal,sonnet5,-0.1957466538615742,-0.1957466538615742,,,,0.6101,-0.0946,21.0,115.0,jdm_bias,A0A1,-0.19830587875823064,,0.7090806359311705,-0.0948837218539798,0.8039643577851503,0.05555555555555555,0.008928571428571428
Wakslak2006_construal,sonnet45,-0.2184036866853458,-0.2184036866853458,,,,0.6101,-0.0946,21.0,115.0,jdm_bias,A0A1,-0.22197922177228652,,0.7090806359311705,-0.0948837218539798,0.8039643577851503,0.05555555555555555,0.008928571428571428
Husnu2010_imagined_contact,sonnet5,0.719,0.719,,,0.5381791589471991,0.395,0.0649,33.0,6335.0,social_imagery,A0A1,0.9055716680245517,0.6015888028003696,0.4177106181123123,0.0649913507899685,0.3527192673223438,0.03333333333333333,0.00015792798483891344
Husnu2010_imagined_contact,sonnet45,0.517,0.517,,,0.0,0.395,0.0649,33.0,6335.0,social_imagery,A0A1,0.5722366628479798,0.0,0.4177106181123123,0.0649913507899685,0.3527192673223438,0.03333333333333333,0.00015792798483891344
Tversky1973_availability_letters,sonnet5,-0.683,-0.683,,,-1.0,0.3794,0.045,152.0,3088.0,jdm_bias,A0A1,-0.8347157101567627,-2.6466524123622457,0.3993585744914555,0.04503041195909056,0.35432816253236493,0.006711409395973154,0.00032414910858995135
Tversky1973_availability_letters,sonnet45,0.0,0.0,,,0.9700714025076448,0.3794,0.045,152.0,3088.0,jdm_bias,A0A1,0.0,2.0935053024150787,0.3993585744914555,0.04503041195909056,0.35432816253236493,0.006711409395973154,0.00032414910858995135
Eyal2008_moral_distance,sonnet5,-0.054,-0.054,,,-0.1796053020267749,0.38,0.0316,58.0,116.0,moral_judgment,A0A1,-0.05405258002471468,-0.18157480412705743,0.4000596500560566,0.03161052447164315,0.36844912558441345,0.01818181818181818,0.008849557522123894
Eyal2008_moral_distance,sonnet45,0.191,0.191,,,0.110463604950201,0.38,0.0316,58.0,116.0,moral_judgment,A0A1,0.1933748261484042,0.11091622332861324,0.4000596500560566,0.03161052447164315,0.36844912558441345,0.01818181818181818,0.008849557522123894
Rottenstreich2001_affective_lottery,sonnet5,0.952,0.952,,,0.2672612419124244,0.3748,-0.04,40.0,7218.0,jdm_bias,A0A1,1.852704378032573,0.27391205551647485,0.3939959732141787,-0.04002135383676822,0.43401732705094687,0.02702702702702703,0.0001386001386001386
Rottenstreich2001_affective_lottery,sonnet45,0.0,0.0,,,0.0,0.3748,-0.04,40.0,7218.0,jdm_bias,A0A1,0.0,0.0,0.3939959732141787,-0.04002135383676822,0.43401732705094687,0.02702702702702703,0.0001386001386001386
Oppenheimer2009_retrospective_gambler,sonnet5,0.52,0.52,,,0.0,0.3261,0.01,80.0,5979.0,jdm_bias,A0A1,0.5763397549691928,0.0,0.338457925365691,0.010000333353334763,0.32845759201235625,0.012987012987012988,0.00016733601070950468
Oppenheimer2009_retrospective_gambler,sonnet45,0.636,0.636,,,-0.1827919249533804,0.3261,0.01,80.0,5979.0,jdm_bias,A0A1,0.7514278247629759,-0.18486960832063626,0.338457925365691,0.010000333353334763,0.32845759201235625,0.012987012987012988,0.00016733601070950468
Knobe2003_side_effect,sonnet5,1.0,1.0,,,1.0,0.6006,0.6585,78.0,7982.0,moral_judgment,A0A1,2.6466524123622457,2.6466524123622457,0.6940852084756155,0.7901605896881312,-0.09607538121251569,0.013333333333333334,0.00012532898859506203
Knobe2003_side_effect,sonnet45,0.232,0.232,,,0.9354143466934854,0.6006,0.6585,78.0,7982.0,moral_judgment,A0A1,0.23630220547289646,1.7000422070566705,0.6940852084756155,0.7901605896881312,-0.09607538121251569,0.013333333333333334,0.00012532898859506203
Miyamoto2002_correspondence_bias,sonnet5,0.975,0.975,,,0.0,0.7742,0.673,58.0,7197.0,trait_inference,A0A1,2.1847239262335103,0.0,1.0307276221854624,0.8162067650447854,0.21452085714067703,0.01818181818181818,0.00013900472616068947
Miyamoto2002_correspondence_bias,sonnet45,0.457,0.457,,,0.0,0.7742,0.673,58.0,7197.0,trait_inference,A0A1,0.49351274313063476,0.0,1.0307276221854624,0.8162067650447854,0.21452085714067703,0.01818181818181818,0.00013900472616068947
Genschow2017_free_will_attribution,sonnet5,0.076,0.076,,,0.1338527549977061,0.0946,0.0688,504.0,2822.0,jdm_bias,A0A1,0.07614683454002277,0.13466085359790395,0.0948837218539798,0.06890886290260395,0.025974858951375843,0.001996007984031936,0.000354735721887194
Genschow2017_free_will_attribution,sonnet45,-0.066,-0.066,,,0.280384791752786,0.0946,0.0688,504.0,2822.0,jdm_bias,A0A1,-0.06609608324847362,0.288099647066957,0.0948837218539798,0.06890886290260395,0.025974858951375843,0.001996007984031936,0.000354735721887194
Chao2017_thankyou_gift,sonnet5,0.0,0.0,,,0.0,0.1015,0.0519,519.0,2441.0,incentive,A0A1,0.0,0.0,0.10185073000939206,0.0519466749106575,0.04990405509873456,0.001937984496124031,0.00041017227235438887
Chao2017_thankyou_gift,sonnet45,-0.036,-0.036,,,0.1823665296949298,0.1015,0.0519,519.0,2441.0,incentive,A0A1,-0.03601556410444138,0.18442954341429993,0.10185073000939206,0.0519466749106575,0.04990405509873456,0.001937984496124031,0.00041017227235438887
