effect,variant,model,persona,r_sim,ci_lo,ci_hi,n_ok,parse_rate,n_denom,n_refused,parse_tier,stat,abs_primary,zero_var,flag
Ackerman2010_haptic_weight,A,sonnet45,demographic,,,,26,0.963,27,27,1.0,between,False,0,no_contrast
Ackerman2010_haptic_weight,A,sonnet45,none,,,,4,0.1481,27,27,1.0,between,False,0,low_parse;no_contrast
Ackerman2010_haptic_weight,A,sonnet5,demographic,0.0,0.0,0.0,54,1.0,54,0,1.0,between,False,1,
Ackerman2010_haptic_weight,A,sonnet5,none,0.0,0.0,0.0,54,1.0,54,0,1.0,between,False,1,
Ackerman2010_haptic_weight,B,sonnet45,demographic,,,,0,,0,54,,between,False,0,all_refused
Ackerman2010_haptic_weight,B,sonnet45,none,,,,27,1.0,27,27,1.0,between,False,0,no_contrast
Ackerman2010_haptic_weight,B,sonnet5,demographic,0.0,0.0,0.0,54,1.0,54,0,1.0,between,False,1,
Ackerman2010_haptic_weight,B,sonnet5,none,0.0,0.0,0.0,54,1.0,54,0,1.0,between,False,1,
Aryani2020_word_arousal,A,sonnet45,demographic,0.9987,0.9984,0.9991,39,1.0,39,1,1.0,paired_zero,False,0,
Aryani2020_word_arousal,A,sonnet45,none,0.9997,0.9994,1.0,40,1.0,40,0,1.0,paired_zero,False,0,
Aryani2020_word_arousal,A,sonnet5,demographic,0.9991,0.9987,0.9995,40,1.0,40,0,1.0,paired_zero,False,0,
Aryani2020_word_arousal,A,sonnet5,none,0.9992,0.9989,0.9996,40,1.0,40,0,1.0,paired_zero,False,0,
Aryani2020_word_arousal,B,sonnet45,demographic,0.9964,0.996,0.9972,40,1.0,40,0,3.0,paired_zero,False,0,
Aryani2020_word_arousal,B,sonnet45,none,1.0,0.9999,1.0,40,1.0,40,0,3.0,paired_zero,False,0,
Aryani2020_word_arousal,B,sonnet5,demographic,0.9992,0.9987,0.9996,38,0.95,40,0,1.0,paired_zero,False,0,
Aryani2020_word_arousal,B,sonnet5,none,0.9995,0.9993,0.9998,40,1.0,40,0,1.0,paired_zero,False,0,
Bauer2012_consumer_cues,A,sonnet45,demographic,-0.068,-0.3145,0.2,60,1.0,60,0,1.0,between,False,0,
Bauer2012_consumer_cues,A,sonnet45,none,-0.5443,-0.7485,-0.3402,60,1.0,60,0,1.0,between,False,0,
Bauer2012_consumer_cues,A,sonnet5,demographic,0.0,-0.2294,0.2294,60,1.0,60,0,1.0,between,False,0,
Bauer2012_consumer_cues,A,sonnet5,none,0.0,0.0,0.0,60,1.0,60,0,1.0,between,False,1,
Bauer2012_consumer_cues,B,sonnet45,demographic,-0.1747,-0.4243,0.0708,60,1.0,60,0,1.0,between,False,0,
Bauer2012_consumer_cues,B,sonnet45,none,0.0,0.0,0.0,60,1.0,60,0,1.0,between,False,1,
Bauer2012_consumer_cues,B,sonnet5,demographic,0.1857,0.0,0.3015,60,1.0,60,0,1.0,between,False,0,
Bauer2012_consumer_cues,B,sonnet5,none,0.0,0.0,0.0,60,1.0,60,0,1.0,between,False,1,
BlackBarnes2015_transportation,A,sonnet45,demographic,0.9891,0.9867,0.993,40,1.0,40,0,1.0,between,False,0,
BlackBarnes2015_transportation,A,sonnet45,none,0.9932,0.9885,0.9978,40,1.0,40,0,1.0,between,False,0,
BlackBarnes2015_transportation,A,sonnet5,demographic,0.9901,0.9871,0.9939,40,1.0,40,0,1.0,between,False,0,
BlackBarnes2015_transportation,A,sonnet5,none,0.9823,0.9771,0.9888,40,1.0,40,0,1.0,between,False,0,
BlackBarnes2015_transportation,B,sonnet45,demographic,0.8962,0.8418,0.9449,40,1.0,40,0,1.0,between,False,0,
BlackBarnes2015_transportation,B,sonnet45,none,1.0,1.0,1.0,40,1.0,40,0,1.0,between,False,1,
BlackBarnes2015_transportation,B,sonnet5,demographic,0.9714,0.9634,0.9825,40,1.0,40,0,1.0,between,False,0,
BlackBarnes2015_transportation,B,sonnet5,none,0.998,0.9966,0.9996,40,1.0,40,0,1.0,between,False,0,
Blank2022_double_misinformation,A,sonnet45,demographic,,,,60,1.0,60,0,1.0,pearson,True,1,no_variance
Blank2022_double_misinformation,A,sonnet45,none,,,,60,1.0,60,0,1.0,pearson,True,1,no_variance
Blank2022_double_misinformation,A,sonnet5,demographic,,,,60,1.0,60,0,1.0,pearson,True,1,no_variance
Blank2022_double_misinformation,A,sonnet5,none,,,,60,1.0,60,0,1.0,pearson,True,1,no_variance
Blank2022_double_misinformation,B,sonnet45,demographic,,,,60,1.0,60,0,1.0,pearson,True,1,no_variance
Blank2022_double_misinformation,B,sonnet45,none,,,,60,1.0,60,0,1.0,pearson,True,1,no_variance
Blank2022_double_misinformation,B,sonnet5,demographic,,,,60,1.0,60,0,1.0,pearson,True,1,no_variance
Blank2022_double_misinformation,B,sonnet5,none,,,,60,1.0,60,0,1.0,pearson,True,1,no_variance
Cao2018_bayesian_pilot,A,sonnet45,demographic,0.8326,0.7598,0.899,60,1.0,60,0,1.0,paired_zero,False,0,
Cao2018_bayesian_pilot,A,sonnet45,none,0.9966,0.9952,0.9985,59,1.0,59,1,1.0,paired_zero,False,0,
Cao2018_bayesian_pilot,A,sonnet5,demographic,0.9995,0.9986,1.0,60,1.0,60,0,1.0,paired_zero,False,0,
Cao2018_bayesian_pilot,A,sonnet5,none,1.0,1.0,1.0,60,1.0,60,0,1.0,paired_zero,False,1,
Cao2018_bayesian_pilot,B,sonnet45,demographic,0.9536,0.9187,0.9823,59,1.0,59,1,1.0,paired_zero,False,0,
Cao2018_bayesian_pilot,B,sonnet45,none,1.0,1.0,1.0,60,1.0,60,0,1.0,paired_zero,False,1,
Cao2018_bayesian_pilot,B,sonnet5,demographic,0.8362,0.7673,0.896,60,1.0,60,0,1.0,paired_zero,False,0,
Cao2018_bayesian_pilot,B,sonnet5,none,0.9819,0.9805,0.9847,60,1.0,60,0,1.0,paired_zero,False,0,
CarterGilovich2012_experiential_self,A,sonnet45,demographic,0.4772,0.2334,0.6856,40,1.0,40,0,1.0,between,False,0,
CarterGilovich2012_experiential_self,A,sonnet45,none,0.2063,0.0,0.3359,40,1.0,40,0,1.0,between,False,0,
CarterGilovich2012_experiential_self,A,sonnet5,demographic,0.8862,0.8292,0.9429,40,1.0,40,0,1.0,between,False,0,
CarterGilovich2012_experiential_self,A,sonnet5,none,0.9809,0.9734,0.9885,40,1.0,40,0,1.0,between,False,0,
CarterGilovich2012_experiential_self,B,sonnet45,demographic,0.6785,0.5202,0.8484,38,1.0,38,2,2.0,between,False,0,
CarterGilovich2012_experiential_self,B,sonnet45,none,0.577,0.4287,0.7232,39,1.0,39,1,2.0,between,False,0,
CarterGilovich2012_experiential_self,B,sonnet5,demographic,0.6446,0.5477,0.7439,40,1.0,40,0,1.0,between,False,0,
CarterGilovich2012_experiential_self,B,sonnet5,none,0.8955,0.8771,0.9252,40,1.0,40,0,1.0,between,False,0,
Caruso2013_money_priming,A,sonnet45,demographic,0.3204,0.014,0.595,40,1.0,40,0,1.0,between,False,0,
Caruso2013_money_priming,A,sonnet45,none,1.0,1.0,1.0,40,1.0,40,0,1.0,between,False,1,
Caruso2013_money_priming,A,sonnet5,demographic,0.7601,0.657,0.8585,40,1.0,40,0,1.0,between,False,0,
Caruso2013_money_priming,A,sonnet5,none,0.9446,0.9004,0.9785,40,1.0,40,0,1.0,between,False,0,
Caruso2013_money_priming,B,sonnet45,demographic,0.2348,-0.0714,0.5223,40,1.0,40,0,1.0,between,False,0,
Caruso2013_money_priming,B,sonnet45,none,0.2063,0.0,0.3506,40,1.0,40,0,1.0,between,False,0,
Caruso2013_money_priming,B,sonnet5,demographic,0.0579,-0.2761,0.3606,40,1.0,40,0,1.0,between,False,0,
Caruso2013_money_priming,B,sonnet5,none,0.588,0.4405,0.7459,40,1.0,40,0,1.0,between,False,0,
Correll2007_motherhood_penalty,A,sonnet45,demographic,0.203,-0.0472,0.3808,57,1.0,57,3,1.0,between,False,0,
Correll2007_motherhood_penalty,A,sonnet45,none,-0.2018,-0.4523,0.0673,60,1.0,60,0,1.0,between,False,0,
Correll2007_motherhood_penalty,A,sonnet5,demographic,0.3634,0.2294,0.5,60,1.0,60,0,1.0,between,False,0,
Correll2007_motherhood_penalty,A,sonnet5,none,-0.1048,-0.3015,0.1857,60,1.0,60,0,1.0,between,False,0,
Correll2007_motherhood_penalty,B,sonnet45,demographic,0.0,0.0,0.0,12,1.0,12,48,1.0,between,False,1,
Correll2007_motherhood_penalty,B,sonnet45,none,-0.6892,-1.0,0.0,21,0.3559,59,1,1.0,between,False,0,low_parse
Correll2007_motherhood_penalty,B,sonnet5,demographic,-0.1744,-0.2849,0.0,59,0.9833,60,0,1.0,between,False,0,
Correll2007_motherhood_penalty,B,sonnet5,none,-0.2981,-0.4392,-0.1535,49,0.8167,60,0,1.0,between,False,0,
DeNeve1998_swb_neuroticism,A,sonnet45,demographic,-0.827,-0.8934,-0.6939,60,1.0,60,0,1.0,pearson,False,0,
DeNeve1998_swb_neuroticism,A,sonnet45,none,0.3187,0.0275,0.697,60,1.0,60,0,1.0,pearson,False,0,
DeNeve1998_swb_neuroticism,A,sonnet5,demographic,-0.4123,-0.561,-0.2221,60,1.0,60,0,1.0,pearson,False,0,
DeNeve1998_swb_neuroticism,A,sonnet5,none,-0.5372,-0.7907,-0.0811,60,1.0,60,0,1.0,pearson,False,0,
DeNeve1998_swb_neuroticism,B,sonnet45,demographic,-0.8335,-0.8973,-0.7554,60,1.0,60,0,1.0,pearson,False,0,
DeNeve1998_swb_neuroticism,B,sonnet45,none,-0.561,-0.7416,-0.3654,60,1.0,60,0,1.0,pearson,False,0,
DeNeve1998_swb_neuroticism,B,sonnet5,demographic,-0.4678,-0.631,-0.2881,60,1.0,60,0,1.0,pearson,False,0,
DeNeve1998_swb_neuroticism,B,sonnet5,none,-0.5178,-0.7035,-0.0,60,1.0,60,0,1.0,pearson,False,0,
DogerliogluDemir2014_incidental_anchor,A,sonnet45,demographic,0.0432,-0.2622,0.354,40,1.0,40,0,1.0,between,False,0,
DogerliogluDemir2014_incidental_anchor,A,sonnet45,none,-0.0949,-0.3333,0.2294,40,1.0,40,0,1.0,between,False,0,
DogerliogluDemir2014_incidental_anchor,A,sonnet5,demographic,0.0126,-0.2855,0.334,40,1.0,40,0,1.0,between,False,0,
DogerliogluDemir2014_incidental_anchor,A,sonnet5,none,0.3592,0.0697,0.6137,40,1.0,40,0,1.0,between,False,0,
DogerliogluDemir2014_incidental_anchor,B,sonnet45,demographic,-0.1925,-0.7071,0.4472,12,1.0,12,28,1.0,between,False,0,
DogerliogluDemir2014_incidental_anchor,B,sonnet45,none,-0.1881,-0.461,0.1434,37,0.925,40,0,1.0,between,False,0,
DogerliogluDemir2014_incidental_anchor,B,sonnet5,demographic,0.2582,0.0,0.3965,40,1.0,40,0,1.0,between,False,0,
DogerliogluDemir2014_incidental_anchor,B,sonnet5,none,0.5143,0.2621,0.751,40,1.0,40,0,1.0,between,False,0,
Elliot2010_red_attraction,A,sonnet45,demographic,0.2282,-0.0747,0.5147,40,1.0,40,0,1.0,between,False,0,
Elliot2010_red_attraction,A,sonnet45,none,0.0,0.0,0.0,40,1.0,40,0,1.0,between,False,1,
Elliot2010_red_attraction,A,sonnet5,demographic,0.0,0.0,0.0,40,1.0,40,0,1.0,between,False,1,
Elliot2010_red_attraction,A,sonnet5,none,0.0,0.0,0.0,40,1.0,40,0,1.0,between,False,1,
Elliot2010_red_attraction,B,sonnet45,demographic,0.2754,-0.035,0.5767,40,1.0,40,0,1.0,between,False,0,
Elliot2010_red_attraction,B,sonnet45,none,0.0,0.0,0.0,33,0.825,40,0,1.0,between,False,1,
Elliot2010_red_attraction,B,sonnet5,demographic,0.5747,0.3195,0.8001,40,1.0,40,0,1.0,between,False,0,
Elliot2010_red_attraction,B,sonnet5,none,1.0,1.0,1.0,40,1.0,40,0,1.0,between,False,1,
FathKay2018_hierarchy_corruption,A,sonnet45,demographic,0.9746,0.9278,1.0,32,1.0,32,8,1.0,between,False,0,
FathKay2018_hierarchy_corruption,A,sonnet45,none,,,,0,,0,40,,between,False,0,all_refused
FathKay2018_hierarchy_corruption,A,sonnet5,demographic,0.9949,0.9931,0.9969,40,1.0,40,0,1.0,between,False,0,
FathKay2018_hierarchy_corruption,A,sonnet5,none,0.9781,0.9695,0.9896,40,1.0,40,0,1.0,between,False,0,
FathKay2018_hierarchy_corruption,B,sonnet45,demographic,1.0,1.0,1.0,40,1.0,40,0,1.0,between,False,0,
FathKay2018_hierarchy_corruption,B,sonnet45,none,0.9848,0.9704,1.0,40,1.0,40,0,1.0,between,False,0,
FathKay2018_hierarchy_corruption,B,sonnet5,demographic,0.972,0.9642,0.9882,40,1.0,40,0,1.0,between,False,0,
FathKay2018_hierarchy_corruption,B,sonnet5,none,0.9963,0.993,1.0,40,1.0,40,0,1.0,between,False,0,
Fetherstonhaugh1997_psychophysical_numbing,A,sonnet45,demographic,-0.1823,-0.375,0.0527,60,1.0,60,0,1.0,between,False,0,
Fetherstonhaugh1997_psychophysical_numbing,A,sonnet45,none,-0.1601,-0.3557,0.1005,60,1.0,60,0,1.0,between,False,0,
Fetherstonhaugh1997_psychophysical_numbing,A,sonnet5,demographic,-0.0833,-0.3329,0.1789,60,1.0,60,0,1.0,between,False,0,
Fetherstonhaugh1997_psychophysical_numbing,A,sonnet5,none,0.0,0.0,0.0,60,1.0,60,0,1.0,between,False,1,
Fetherstonhaugh1997_psychophysical_numbing,B,sonnet45,demographic,0.2843,0.0484,0.4652,60,1.0,60,0,1.0,between,False,0,
Fetherstonhaugh1997_psychophysical_numbing,B,sonnet45,none,-0.1261,-0.3567,0.122,60,1.0,60,0,1.0,between,False,0,
Fetherstonhaugh1997_psychophysical_numbing,B,sonnet5,demographic,-0.4177,-0.6147,-0.2025,60,1.0,60,0,1.0,between,False,0,
Fetherstonhaugh1997_psychophysical_numbing,B,sonnet5,none,0.296,0.0611,0.4815,60,1.0,60,0,1.0,between,False,0,
