short,cell,sim_note,effect_id,doi,ref,desc,n_o,r_o,n_r,r_r,gap,narr_r1,narr_r2
Husnu,famous_failed,Imagined contact → willingness to contact; text-simulable (imagination task + rating),726,10.1016/j.jesp.2010.05.014,"Husnu, S., & Crisp, R. J. (2010). Elaboration enhances the imagined contact effect. Journal of Experimental Social Psychology, 46(6), 943–950. https://doi.org/10.1016/j.jesp.2010.05.014","The replication tested whether imagining positive contact with an outgroup increases intentions to engage in future intergroup contact. It found a small but statistically significant effect: d = .13, p < .001​ML.web.Supplement (1)",33.0,0.395,6335.0,0.0649,0.3302,original_dominates,obscure
Tversky,famous_failed,Availability heuristic (letter R position frequency judgment); classic paradigm task,721,10.1016/0010-0285(73)90033-9,"Tversky, A., & Kahneman, D. (1973). Availability: A heuristic for judging frequency and probability. Cognitive Psychology, 5(2), 207–232. https://doi.org/10.1016/0010-0285(73)90033-9","The replication tested whether individuals overestimate the frequency or likelihood of events that are more easily retrievable from memory, demonstrating the availability heuristic. For example, participants judged more frequent exposure to names of famous people compared to less famous individuals.",152.0,0.3794,3088.0,0.045,0.3344,original_dominates,original_dominates
Eyal,obscure_failed,Moral judgment × temporal distance; scenario ratings,1541,10.1016/j.jesp.2008.03.012,"Eyal, T., Liberman, N., & Trope, Y. (2008). Judging near and distant virtue and vice. Journal of Experimental Social Psychology, 44(4), 1204–1209. https://doi.org/10.1016/j.jesp.2008.03.012",people judge immoral acts as more offensive and moral acts as more virtuous when the acts are psychologically distant than near (replication of original study 2 (only Serbian sample; not pooled sample)),58.0,0.38,116.0,0.0316,0.3484,obscure,obscure
Rottenstreich,obscure_failed,Emotional vs. Monetary Lottery Choice,880,10.1111/1467-9280.00334,"Rottenstreich, Y., & Hsee, C. K. (2001). Money, Kisses, and Electric Shocks: On the Affective Psychology of Risk. Psychological Science, 12(3), 185–190. https://doi.org/10.1111/1467-9280.00334",Whether to prefer an affectively attractive option (a kiss from a favorite movie star) or a financially attractive option ($50) depends on certainty,40.0,0.3748,7218.0,-0.04,0.3348,obscure,obscure
Oppenheimer,obscure_failed,Retrospective gambler's fallacy; sequence likelihood judgment,678,10.1017/s1930297500001170,"Oppenheimer, D. M., & Monin, B. (2009). The retrospective gambler’s fallacy: Unlikely events, constructing the past, and multiple universes. Judgment and Decision Making, 4(5), 326–334. https://doi.org/10.1017/s1930297500001170","Results showed no significant retrospective gambler’s fallacy effect, as the data violated the normality assumption. Effect size: d = 0.02, p = .27.",80.0,0.3261,5979.0,0.01,0.3161,obscure,obscure
Knobe,famous_replicated,Side-effect effect (chairman scenario); classic vignette,852,10.1093/analys/63.3.190,"Knobe, J. (2003). Intentional action and side effects in ordinary language. Analysis, 63(3), 190–194. https://doi.org/10.1093/analys/63.3.190",Harmful side-effects are more likely to be judged as having been brought about intentionally than helpful side effects,78.0,0.6006,7982.0,0.6585,-0.0579,original_dominates,original_dominates
Miyamoto,famous_replicated,Correspondence bias (attitude attribution paradigm),851,10.1037/0022-3514.83.5.1239,"Miyamoto, Y., & Kitayama, S. (2002). Cultural variation in correspondence bias: The critical role of attitude diagnosticity of socially constrained behavior. Journal of Personality and Social Psychology, 83(5), 1239–1248. https://doi.org/10.1037/0022-3514.83.5.1239",Correspondence bias (WEIRD samples),58.0,0.7742,7197.0,0.673,0.1011,contested,original_dominates
Genschow,obscure_replicated,Free will belief × attribution; questionnaire,766,10.1073/pnas.1701916114,"Genschow, O., Rigoni, D., & Brass, M. (2017). Belief in free will affects causal attributions when judging others’ behavior. Proceedings of the National Academy of Sciences, 114(38), 10071–10076. https://doi.org/10.1073/pnas.1701916114","In six studies, we tested whether believing in free will is related to the correspondence bias—that is, people’s automatic tendency to overestimate the influence of internal as compared to external factors when interpreting others’ behavior. Overall, we demonstrate that believing in free will increases the correspondence bias and predicts prescribed punishment and reward behavior.",504.0,0.0946,2822.0,0.0688,0.0257,obscure,obscure
Chao,obscure_replicated,Gratitude gift-incentive effect; situational decision-making,771,10.1073/pnas.1616921114,"Chao, M. (2017). Demotivating incentives and motivation crowding out in charitable giving. Proceedings of the National Academy of Sciences, 114(28), 7301–7306. https://doi.org/10.1073/pnas.1616921114",This study tests for the effect of thank-you gifts during a nonprofit’s direct-mail fund-raising campaign and finds that gifts reduced donation rates in this campaign. A complementary online experiment confirms that thank-you gifts can reduce donation rates but only when the gift is visually salient and thus more likely to occupy the donor’s attention. Nonprofits should consider their donor’s psy-chological incentives carefully,519.0,0.1015,2441.0,0.0519,0.0495,obscure,obscure
